survived,pclass,sex,age,sibsp,parch,fare,embarked,class,who,alone
0,3,female,14.492943387385578,5,1,1.7381688336549712,S,First,child,True
1,2,male,33.28968070044672,5,4,1.0181808413193076,C,Third,woman,True
0,3,female,38.805994224395505,5,4,3.7999692082886942,S,Second,woman,False
0,3,male,34.396473811060034,5,2,34.05440764391189,S,First,man,True
0,3,male,19.569674964692354,2,1,24.93636039157888,S,Second,man,True
1,3,male,44.1716471409147,0,0,5.837178133147153,S,Third,child,True
0,3,female,8.613152725497166,4,6,5.281887412430656,S,Second,woman,True
1,2,male,43.00238694729718,8,5,24.87569975453778,S,First,child,False
1,2,female,45.134783217219024,6,5,105.41279413260978,C,First,woman,False
0,3,female,52.012624445493145,1,2,6.658930364675451,S,Third,woman,False
1,2,male,25.2051093364938,5,3,9.897671737573985,S,Third,man,False
0,1,female,16.00797976813871,6,0,4.240381975423356,C,Second,child,False
0,1,male,41.11432507231732,7,2,29.79522456102419,S,Second,woman,True
1,3,female,20.21098609278236,4,3,86.26663348229489,S,Second,woman,False
0,3,female,30.615937160215843,7,0,8.970343605064055,S,First,woman,False
0,1,male,25.555528959758995,6,4,21.102086301762828,S,Second,woman,False
0,2,female,17.370992400216814,8,1,78.59893380689732,S,First,child,False
1,1,male,34.493992526588485,0,3,40.655063019126196,S,Third,woman,True
1,1,male,10.5117771681875,3,1,24.79566591973195,S,Third,child,True
1,3,male,38.29087954301655,6,3,33.65100601133046,S,Second,woman,True
1,1,female,16.462964761605715,8,1,43.3107735710453,C,First,man,True
1,3,male,,5,5,43.0225546273285,Q,Second,woman,True
0,1,male,29.2984955769359,4,6,21.89694967335218,C,Third,man,False
1,3,male,36.04287393935712,8,3,10.908353361628745,S,Third,man,True
0,3,male,38.07708435874514,5,1,7.619427163039029,C,First,woman,False
1,2,male,41.45695223158026,0,5,82.7821667590591,S,Third,woman,True
0,2,male,,1,4,1.9803935052603516,S,First,woman,False
1,3,female,,2,1,13.565990204490584,C,First,man,False
0,2,female,31.49313212304245,7,5,38.65437606691765,C,Third,child,False
0,3,male,51.266045919106034,7,6,30.243289395827702,C,First,woman,True
0,3,female,40.97242291144619,4,3,18.73679239625415,nan,Third,woman,True
1,3,female,56.61876072587357,5,5,3.6324682259054377,Q,Third,woman,True
0,3,female,22.650848079204014,2,5,4.9590506675232815,S,First,man,True
0,3,male,,2,6,39.350818137696166,C,First,woman,True
0,3,male,14.600408694029701,4,1,21.815004084209207,S,Second,man,False
0,3,male,24.339068925264,0,1,13.68955384037832,C,Third,man,False
0,1,male,19.70585994403837,5,2,15.499220006542725,Q,First,woman,False
0,3,female,21.124158769565902,8,6,18.473937056987385,C,First,man,True
1,1,female,24.491712303400714,5,3,37.91806027554728,S,Third,man,False
1,3,male,,1,5,30.315879571941252,Q,Third,man,False
0,1,male,,8,1,2.411975297429417,C,Second,woman,True
0,2,female,,8,6,5.654726123445876,S,Second,child,False
1,1,female,31.95983854341603,4,3,2.4145566798040887,Q,Third,child,True
0,3,female,25.183361196105245,0,2,1.1616834130669909,S,Second,woman,False
1,3,female,22.683900418552746,5,3,49.37232902183676,S,Second,child,True
1,2,male,25.700155917778424,7,3,62.816596377556536,S,Third,woman,False
0,1,male,23.713480019742484,1,6,17.75924204215105,S,Third,child,False
0,2,male,36.87359477254772,6,3,114.46529277227073,C,First,woman,True
0,3,male,42.117352669397675,8,0,65.74084070201883,S,Third,woman,False
0,1,male,47.836623531259185,8,1,64.97260964129555,C,Second,woman,True
0,1,male,18.832161360834156,7,6,15.100014942796388,S,Third,woman,False
0,1,female,36.5712111547425,5,0,101.86075446983749,S,First,man,False
1,3,female,,8,1,45.60675502140035,S,Third,man,True
0,2,male,35.22444605553609,1,1,14.403832494956756,C,Third,woman,False
0,2,male,45.1574119492749,6,2,72.49178474284841,S,Second,child,False
0,3,male,,0,0,0.13598569787259693,Q,First,woman,True
1,2,female,45.016904661624224,5,6,27.97334193966616,S,Second,man,True
0,3,male,14.060049815583326,5,0,24.232864435287443,S,First,child,False
0,3,female,,3,4,2.8158600223327452,S,Second,child,True
0,1,female,28.09866220298839,4,2,65.44191038408754,S,Second,man,False
0,3,male,,6,5,10.919156071032594,C,Second,woman,True
0,1,male,24.155987611212165,5,1,15.581481062746139,S,First,man,True
1,2,female,23.650256587277156,3,1,21.273426142824245,S,Second,woman,False
0,1,female,16.11720298270771,8,4,56.031131372646755,S,First,man,True
0,2,male,,7,1,29.82260203373096,S,Second,woman,True
0,3,male,47.4537319725221,7,0,27.39049115230141,Q,First,woman,False
1,3,male,39.809521527311695,8,5,14.85029642654795,S,First,woman,True
0,3,male,,8,6,10.826184831061765,S,Second,child,False
1,3,male,27.102357351068704,6,6,21.460495551361376,S,Third,child,True
0,1,male,22.1136689703052,7,4,9.746753029200816,S,First,man,False
1,3,male,39.481442829829184,8,4,13.68759059787709,C,Third,man,False
0,1,male,29.553244941122028,2,1,19.156194679210333,S,Second,child,True
1,3,female,,3,1,61.20525814587249,S,Second,child,False
0,2,male,42.57536871365062,4,4,87.9971828017666,S,First,woman,False
1,2,male,27.23097567658178,4,5,58.424409201437584,C,First,man,True
0,3,male,,4,0,24.61518328460054,S,Second,woman,False
0,3,female,42.72863893463352,4,1,41.02753592370566,S,First,man,False
0,1,male,31.130078466074135,1,1,13.47330552483284,S,First,woman,True
0,3,female,,2,4,20.285102102973063,S,Third,child,False
0,3,male,14.419317471797374,5,6,93.11296957496671,S,First,child,False
0,1,male,31.335766261576136,6,2,14.467976791515683,C,Third,woman,False
0,3,male,62.72373526069586,6,5,6.267797751386094,S,Third,child,False
0,3,male,,2,0,21.081625931388352,S,First,woman,True
1,3,male,,5,1,34.88939189796035,C,Second,woman,True
0,1,male,,0,5,4.463694656877491,S,First,man,False
0,3,female,29.198063202932783,1,6,4.297398700173891,C,Third,child,False
0,2,female,9.721463914528165,1,6,11.944922207424854,S,First,man,False
0,2,male,,1,1,78.61127478575598,C,Third,child,False
0,3,female,47.17329563302472,8,2,37.049493324050815,C,First,man,True
1,3,male,39.32896359150264,3,1,8.281156173927473,S,First,woman,True
0,3,male,,3,3,30.526579559545223,S,Third,man,False
1,3,male,29.191408182698023,2,6,35.62400502683471,S,Second,woman,True
0,3,male,19.826031636240835,3,5,24.431663110639782,S,Second,woman,True
1,3,male,26.95971637986166,3,6,47.01003711528977,S,First,woman,False
0,3,male,31.904437043241273,0,4,0.8266546157518917,S,Third,man,True
0,3,male,18.263643820218185,8,1,6.9993421125002575,S,First,woman,True
0,3,male,37.86029873371577,4,5,111.94882464731107,S,Third,child,False
0,1,male,12.365653636803899,8,6,22.72503316313904,S,Third,man,True
1,3,female,,0,3,2.6268166227525653,S,First,child,False
0,1,male,27.14388978532896,3,1,12.15815782596046,S,First,man,True
1,2,male,20.32572261554484,0,4,0.05854063736887697,S,First,woman,False
0,1,male,1.0,8,3,28.58152694646509,S,Third,man,True
1,3,female,36.270175297557536,3,3,249.4246326937843,S,Third,woman,False
1,3,male,19.419489353836262,0,6,29.430747245303056,S,Second,man,True
0,1,male,48.5599114305412,8,4,31.079253292054158,S,First,child,False
0,3,female,,1,6,13.103976431464599,S,Second,woman,True
0,3,male,22.42096576196291,6,6,8.927816812030127,S,Third,woman,True
0,1,female,,0,2,23.41663001671966,S,Third,woman,True
0,3,female,44.748156480826275,6,2,75.91481850948949,S,Third,woman,False
1,3,male,22.112292716345625,5,4,0.3233655963959923,S,First,child,True
0,1,female,44.20632772761687,2,1,27.82422736491895,S,Third,woman,True
1,3,female,50.16425097424671,3,0,18.463835551802415,S,Third,child,True
1,3,male,43.86451934918324,5,1,32.03284552824543,S,First,woman,False
0,1,male,,3,3,60.46653234443343,S,Third,child,True
1,3,female,48.097044294174566,7,0,19.67130558499237,S,First,man,False
0,3,female,51.20835211450208,6,3,8.101334029443121,S,First,woman,True
1,1,male,,0,3,15.595077943285059,S,First,man,False
0,1,female,32.91297341481949,4,6,5.384537812738628,S,First,woman,False
1,3,female,23.990865405989226,8,6,2.9277953551786817,C,First,child,True
1,3,female,1.0,4,4,15.556423483776891,S,First,woman,False
1,1,male,,2,5,32.4288950417288,C,Third,man,True
0,2,male,23.72404081177686,2,2,10.063151576690473,S,Third,child,True
1,3,male,24.655708778632075,8,2,81.61512232414438,S,First,child,False
1,1,female,,3,2,38.53759092690081,S,First,man,True
0,2,female,15.989353136517497,4,2,38.2589146484105,S,Third,man,False
0,3,male,7.659113439821603,3,0,38.831647909689664,C,Second,child,True
0,2,female,28.176875669465833,4,2,0.05563531349880156,S,First,child,False
0,3,female,27.348148996634933,2,4,55.33053165100658,S,Second,man,False
1,3,male,18.694243418301877,8,1,82.37706033479049,S,First,woman,True
0,1,male,,1,3,0.6464235892564786,nan,Second,man,True
0,3,male,,0,1,30.09714765003654,S,First,man,True
0,3,male,24.44866765377155,3,0,37.25008360733541,S,Third,woman,True
0,3,male,18.01176042206648,8,4,7.2091065066162825,C,Third,woman,True
0,3,male,47.63825464123822,3,3,60.108308284421184,C,Third,child,True
0,3,male,33.3739542486317,4,0,32.44061103354153,Q,Second,woman,True
0,3,female,16.38754914762876,8,5,8.413789378978166,Q,Third,man,False
0,1,male,26.073731059455643,4,4,112.761841149965,S,Third,child,False
1,3,male,,1,3,8.024770915229304,S,Third,man,False
1,1,male,44.17035613244703,5,6,37.45601933833625,S,Third,woman,True
0,3,male,49.37861414413148,4,2,21.194069895979844,C,Third,man,False
1,1,male,47.528027758542436,5,6,42.39729588871262,S,First,woman,True
0,3,male,13.974303162603633,8,3,3.394833681321444,S,First,child,True
0,3,female,28.722261723833537,7,0,100.58329941544781,C,Third,man,False
1,3,male,,0,0,7.549431194112286,C,First,woman,True
1,2,male,37.86818348279854,6,5,8.215472439043996,S,Third,woman,True
1,2,female,15.889262754025427,1,3,26.647510227796616,S,Third,child,False
0,2,female,,1,4,14.202296997927347,S,Second,man,True
1,1,male,24.214961603074688,4,4,19.259748920738826,C,First,woman,False
1,3,male,32.146038567853935,5,2,1.2475370600664721,C,First,child,True
1,1,male,39.71780191393041,1,6,8.835037349737041,S,Second,man,False
0,2,male,25.39781230168749,5,0,49.01016633248485,Q,Second,man,True
1,3,female,39.29551105736711,5,2,76.7245268817347,S,Third,woman,True
0,3,male,41.50906899515993,3,2,8.774408030897481,S,Third,child,True
0,1,female,27.014986683794504,7,4,48.983348312504994,S,Third,man,True
0,2,male,12.560786139881642,1,5,0.9693391358103446,C,Third,man,True
1,3,male,13.603335303922034,7,2,1.5099238502209418,C,Third,man,False
1,3,male,38.284177652121954,0,1,16.474975269595173,S,Second,woman,False
0,3,male,23.332857891594628,6,2,5.282127462041377,S,Third,child,True
0,3,male,,6,6,5.995705316059932,S,Second,woman,False
0,2,female,38.58133315456201,5,6,32.57898058539774,C,Second,woman,False
1,1,male,,3,2,64.45182856391611,S,Second,child,False
0,3,female,,0,5,49.81166391886413,S,Third,man,True
1,2,male,46.511879736837045,6,0,13.537164084297132,S,Second,woman,False
1,3,male,41.712903820208496,4,3,68.67863548011319,S,First,woman,True
1,1,male,31.94243351806251,7,2,60.75395853793134,S,Third,woman,True
1,2,male,12.159528851718164,5,2,24.51181474183066,S,Second,man,False
0,3,male,,4,6,21.318894332877896,C,First,child,False
0,3,female,25.70104118421989,8,6,1.9879535024596284,Q,Third,woman,True
1,3,male,6.005184546295947,3,3,5.383516029490849,S,Second,man,False
0,3,female,35.67112382458279,7,0,2.9463356962161216,C,First,child,False
0,2,male,10.24847361267529,7,5,24.689908253551454,S,Third,child,True
0,1,male,32.30877820956578,8,5,37.256484371472816,S,Third,man,False
0,1,male,25.96615966182583,3,5,31.82466924163919,S,First,man,True
0,3,female,39.96499375335862,1,0,68.06794523298352,S,First,child,False
1,1,female,16.868733666339168,8,5,35.475015396798796,C,First,man,True
0,1,female,33.83221229334614,5,1,58.41788217884803,S,Third,woman,False
0,3,male,10.47223730031499,4,4,4.993474617713225,C,Third,child,False
1,3,male,41.137693724771694,4,0,6.214467079763292,S,Third,woman,True
1,1,male,28.390535272115073,1,0,82.70052418860604,S,Second,woman,False
0,1,female,36.941909365516025,1,6,14.455557915964132,S,Third,child,False
0,3,female,,8,1,8.072493262521947,S,First,child,False
1,2,male,36.98717985940473,8,3,80.229782781752,S,Third,child,True
0,1,male,34.28684754825192,3,5,115.83158820378296,S,Second,woman,False
0,3,male,35.091770497987085,2,0,33.51067276074845,C,First,woman,True
1,1,male,34.37687548219581,6,6,16.222021839206324,Q,First,woman,True
0,2,male,27.29150564093513,3,0,38.477645304403275,S,Second,man,True
0,3,female,47.37818908442387,0,2,0.5174456347399432,S,Second,child,True
0,3,male,27.81742819928015,0,4,5.158472878780907,S,Second,man,True
1,3,female,19.6516311945284,5,3,15.179900136327447,S,Third,man,True
0,2,male,29.17783329283486,8,2,58.90924086907555,S,Second,man,True
0,3,male,,7,4,11.974367134988736,S,Second,man,True
0,1,male,23.504050073368184,5,3,1.9672625818590586,S,Third,child,True
0,3,male,27.518547373348415,8,5,15.70793389958425,S,Second,child,False
1,3,male,24.68624231095796,0,4,9.110917510747012,S,Third,child,False
1,3,male,32.791559019276804,1,6,1.9038560828583833,S,First,man,True
0,1,female,57.24065947828858,2,3,16.79813272539903,S,First,child,True
0,3,female,,0,6,14.28807822312574,S,First,man,False
0,3,male,45.01220906203328,8,0,43.68069999671042,S,Third,man,True
0,3,female,22.94806787684469,2,3,2.1545902351363586,S,First,child,True
0,2,female,21.78177196092792,8,5,15.724891907046445,S,Third,woman,True
0,1,male,24.705507343498144,0,1,13.83391066383991,S,Second,woman,False
1,3,female,41.940447361764285,6,5,34.34579790616043,S,Third,man,True
0,3,female,1.0,6,5,72.22212546048077,S,Second,woman,False
0,1,male,,6,6,5.092079749416331,S,First,woman,True
0,3,male,,3,2,55.90858537700531,C,Second,woman,False
0,1,male,26.862706861118998,4,1,31.04968572829306,C,Second,woman,False
1,3,male,57.54821555000264,3,5,0.9793998810253715,S,Second,woman,False
0,3,female,36.267565020397186,0,4,48.05589253391371,S,Third,woman,False
0,3,male,20.72931979057327,3,5,25.460006966061442,C,Third,woman,False
1,2,female,7.9135010404491375,6,4,53.09970925525065,C,First,child,False
1,3,male,25.232159510869927,6,1,17.348627731559166,C,Second,woman,False
0,2,female,,6,3,36.13918280215408,S,Third,man,False
1,3,male,36.53450910585809,5,2,7.314447494075186,S,First,woman,True
0,3,female,32.2554885113835,0,5,7.029029072152042,C,Third,woman,False
0,3,female,34.480447049298235,1,0,13.725132665965775,S,Third,man,False
1,3,male,59.108473307130524,4,2,24.182539988011957,S,First,child,False
0,1,male,,7,2,41.60104276936276,S,First,man,True
0,3,male,27.306341090857305,2,3,36.267885815727254,S,Third,man,True
0,2,female,13.024779577155275,6,5,56.83577664959764,S,Second,woman,True
1,1,male,28.871620773898243,0,4,18.341981221211032,S,First,child,False
1,2,male,52.30583062330037,1,3,80.40287897549524,S,First,man,False
1,2,male,37.9621135876866,1,3,3.8147706883409187,S,First,child,False
0,1,male,28.397181361751187,0,0,6.840051010246382,C,First,man,False
1,2,male,33.52282348347847,1,4,37.98695061046651,S,Third,woman,False
0,2,male,13.04802106878974,5,6,9.659925223749456,S,Third,woman,True
1,3,male,24.48772803627855,0,6,5.9344992462391515,Q,Third,man,True
1,1,male,31.193536043985418,6,5,71.80461198423131,S,First,child,True
0,3,male,,1,4,2.3381374369649115,S,Third,man,True
1,3,male,8.571372578419364,0,0,157.2217598900415,S,Second,child,True
1,3,male,34.58672450928694,5,2,65.4977766350607,Q,Second,child,True
0,3,male,33.90875089519894,6,6,66.88796059184887,S,Third,child,True
0,3,male,24.7212831121811,8,4,32.69574326661435,S,Third,man,False
0,1,male,,6,1,8.405299564123684,S,Third,man,True
0,3,male,9.231118252847981,0,1,52.798050543138125,S,First,man,True
0,3,male,9.282861385459125,1,1,1.8249631321293456,S,Second,woman,True
0,3,female,31.885621672735326,7,2,28.794144369819527,S,First,man,True
0,3,male,20.651875327173705,5,1,19.084525962689117,S,First,man,False
0,1,female,,5,6,45.8014594809839,C,Second,woman,False
0,3,male,41.752869412446465,0,0,0.7938199933288116,S,Third,child,True
0,1,male,27.564980975727817,0,4,16.138336233662603,C,Second,woman,True
1,1,male,,1,0,21.395692931642007,S,Third,child,False
0,3,male,,5,4,5.454845480381271,S,Second,man,True
0,2,female,,6,6,17.676952686191196,S,Third,man,True
0,3,male,26.71427903947912,4,0,79.63782311183341,S,Third,woman,True
1,2,male,42.59623137600174,8,0,20.866053501479602,S,First,man,True
0,3,male,,5,3,9.571752893411272,S,Third,woman,True
0,3,female,33.41539273471178,5,5,25.080105001016978,S,Third,man,True
0,2,male,51.984254766757246,8,2,2.071476414341794,S,Second,child,True
0,3,male,21.236796390441597,1,0,11.501176039163326,S,Third,man,False
0,1,female,36.61259040660032,2,2,50.51628557001841,S,Third,man,False
0,2,male,,8,2,33.890432294764,S,Third,man,False
1,1,male,32.94324014742932,5,6,0.8011466685836263,S,Third,woman,False
1,3,female,20.408642275360023,6,6,27.841497313159426,S,Third,woman,False
1,1,female,20.066705850087995,7,5,8.086881244470959,S,Third,woman,True
1,2,female,40.413202152723755,2,3,122.7379252086782,S,First,man,False
0,2,male,,4,0,50.52395126492029,S,First,man,False
0,3,female,18.989442189002844,6,0,4.516395504471189,Q,Second,woman,True
0,2,male,13.52937583894484,0,6,16.071682632202393,S,First,man,True
1,3,male,12.068706001914052,3,5,22.218405295920533,S,Second,child,True
0,1,male,,3,1,6.6444662954132445,S,Second,woman,False
0,3,male,29.048768314533017,6,5,40.205723222392855,S,Third,child,True
0,1,female,63.043200199147805,3,2,60.76078993468831,S,Second,man,True
0,2,male,37.7776384429876,1,3,0.1476615181445628,S,Third,child,False
1,3,female,36.15331251967318,7,2,4.718141730796796,S,Second,child,True
1,3,female,34.287814836272574,3,0,10.999730565600895,S,First,woman,False
1,2,male,43.988097902763116,3,1,136.6886276401029,S,Third,man,False
0,3,female,16.475115409383026,3,0,17.1072233166188,S,First,child,True
0,1,male,60.24018351719029,1,4,6.158895406258823,S,Third,man,True
0,3,female,28.595776163434355,1,1,4.253286510878863,S,Third,child,True
0,3,male,20.152398709300645,0,3,76.43590445065341,S,Third,man,True
1,1,female,,6,3,54.846550692735946,S,First,man,False
1,2,male,45.29274426443117,8,2,31.869591957420322,Q,First,man,True
0,3,female,15.89423173903834,8,2,25.60362397570375,S,Third,man,False
1,1,male,37.936171214175,1,1,49.54201754485262,S,Second,child,True
0,1,male,19.969781793789316,8,0,12.637230413075699,S,Second,woman,True
1,3,female,,4,1,33.70117076191833,S,Second,man,False
1,2,male,23.14724613742957,3,4,44.05545355537175,Q,Third,child,True
1,3,male,40.689580530802886,4,5,28.287391799913685,S,Third,child,False
1,3,male,,8,1,6.098498246117341,C,Third,child,False
1,2,male,32.696625540484575,3,5,140.6433834220307,S,Third,woman,True
0,2,male,,0,1,55.01243608358474,Q,First,child,False
1,3,female,,7,6,22.260962128157825,S,First,woman,False
0,3,female,13.010669561437275,1,5,31.92768295298674,C,First,child,False
0,3,male,13.159563456775963,0,4,47.105290107086276,S,Third,woman,False
0,3,male,7.126855752860838,8,0,20.247794670171782,S,Second,man,False
0,2,male,42.54634071248975,1,4,44.341446607138785,S,First,woman,True
1,2,female,,5,1,48.922093481085874,S,Third,woman,True
0,3,female,32.2211270209274,3,2,20.27353875476175,S,Third,woman,False
0,1,male,46.49465110274237,0,3,6.862990949575782,C,Third,woman,True
1,3,male,12.91835980295826,3,0,30.053890414366034,S,First,child,True
0,3,female,16.818360545579992,5,6,26.666777229926875,Q,Third,woman,True
0,3,male,,5,0,22.90645631904449,C,First,child,True
1,2,male,,1,6,1.9921457937060971,C,Second,woman,False
0,1,male,,3,4,49.602703826943454,S,Third,child,True
0,2,male,17.051496976593455,5,2,25.532911158051988,S,First,woman,True
0,3,male,,1,1,18.58766152573432,C,Second,man,True
0,3,female,24.038577870905833,0,2,55.66496205292829,S,Third,man,True
1,3,female,58.11408991127742,3,4,7.235480262934055,S,First,woman,True
1,3,male,43.13047920897152,4,0,10.461548845173818,S,Third,woman,True
1,3,male,18.054661220145643,5,1,33.68947965810062,nan,Third,woman,True
1,3,female,24.577611875604095,6,4,16.314918492146592,S,Third,woman,True
1,2,male,,5,3,11.915286365016872,S,Second,man,False
0,2,female,76.29204088754787,3,3,9.697237112819037,S,Third,woman,False
0,2,female,8.857204984306023,1,3,21.945276846431618,S,Second,man,False
0,3,female,32.84955580566458,2,6,49.30344629641666,S,First,child,True
0,3,male,1.0,4,5,54.00214705524076,Q,Third,man,False
0,2,female,29.902875823117082,0,0,51.59102173982527,C,Second,woman,False
0,1,male,56.73846786672616,1,0,71.55884426248787,S,First,child,False
1,2,male,,5,2,1.7184576349388854,S,First,man,False
0,2,male,45.46376190060869,2,6,132.97364706462778,S,Second,man,True
1,3,male,29.074386836655147,1,6,18.345696557135387,C,First,woman,False
0,3,female,24.085017964443914,8,2,7.075511516272901,S,Third,child,True
0,3,male,26.476810974750457,3,3,115.74148183727536,S,Third,man,True
0,3,male,21.78336296747998,3,4,57.552385874373954,S,First,child,True
1,2,male,,7,3,87.62551258218048,C,First,woman,True
0,3,male,11.377278227457062,4,6,24.438516836226068,S,Third,woman,True
0,3,male,51.09521020529221,5,1,45.450976214448055,S,First,woman,False
0,1,female,,6,1,24.184155931011496,Q,Second,woman,True
1,3,male,34.112840350720546,2,3,25.586025256065792,C,First,woman,False
1,1,male,17.728554079842997,7,4,99.86497507527947,S,First,child,True
0,3,male,45.6378678318149,2,2,44.245549830842435,Q,First,child,False
0,3,male,26.170219109290386,6,3,27.6046496364185,S,Third,child,True
0,1,female,28.725542649990725,2,4,16.460084695871995,S,Third,woman,False
0,3,female,4.394327105856764,0,4,5.924115612798743,Q,First,child,False
0,3,female,35.54366695595456,4,1,4.05877747152911,S,Third,woman,False
0,1,female,55.36107986748345,7,2,11.754538048716284,Q,First,child,False
1,1,male,17.832913796001236,1,4,38.94892393692945,S,Third,woman,True
1,3,male,23.584791848165246,6,3,7.017109573458484,S,Third,child,True
0,3,male,14.063464584989774,3,5,4.651155231527711,C,Second,child,False
0,3,male,31.808270439365266,6,5,2.671249066989164,C,Second,man,False
0,3,male,30.896338770695593,0,4,61.789970221469034,S,First,man,False
1,3,male,39.87113542092257,1,6,9.108119704577463,S,First,man,True
0,1,female,,5,3,7.398837497439446,S,First,woman,False
1,3,male,18.624775353401585,7,6,16.358003833289413,S,First,child,True
1,2,female,,4,4,32.764531446472326,S,Third,child,True
1,3,female,25.40378450588538,1,1,29.123058855315005,S,Third,man,True
0,3,male,14.72553831672601,8,2,84.89347362400162,S,Third,man,False
0,1,male,,2,4,37.80533657117408,S,First,man,False
0,3,female,80.0,4,6,27.24055674780124,Q,Second,child,True
0,1,male,62.41238887608323,1,4,41.032217114313895,Q,Second,child,True
0,1,male,31.95757236874712,8,6,35.96410967640536,S,First,child,True
0,1,male,54.34400091215059,0,1,48.139469653105856,S,Second,child,False
0,2,female,,3,4,28.03774504913625,S,Second,woman,True
0,1,male,29.256063247819263,2,0,54.33690690236628,Q,Second,child,False
1,2,male,2.7059949731833157,2,0,76.00422411789974,Q,First,woman,True
0,3,female,16.55852207677999,1,3,39.345811784363065,S,Third,man,False
0,2,male,19.031010304189337,4,4,14.604975960194718,Q,Second,man,False
0,1,male,31.50526644331602,7,3,10.839636690284786,C,Third,child,True
0,1,male,30.195783488029868,7,6,33.45751364927098,S,First,woman,True
1,2,female,21.89480708051386,6,4,32.93803550653892,C,First,woman,False
1,1,female,21.75661520652619,6,1,0.7986350251898773,S,Third,woman,False
0,3,female,27.673856101488667,3,2,45.368342376186966,C,First,child,True
0,1,male,10.660236890448044,8,2,8.27862551441669,S,First,man,True
0,3,male,,0,3,1.8490225383170653,S,Second,woman,True
0,3,female,,4,0,5.487563529337797,C,First,child,True
1,3,male,12.514714936979757,4,5,35.28974547956175,S,Second,woman,False
0,3,male,25.37666949429638,0,5,24.431663677371795,S,First,man,True
0,3,male,18.312699710516885,4,6,61.938047255912466,S,Second,woman,True
0,2,female,47.295353488132676,2,4,3.7069646424244382,S,Second,man,False
1,3,male,,2,2,58.38088032496001,S,Second,woman,True
0,3,male,27.34636064440794,3,3,34.73078864659309,S,Third,man,False
1,2,male,,8,4,7.985399803715495,S,Third,child,True
0,3,female,37.79755643576881,6,1,44.063000368636615,C,Third,child,False
0,3,male,,2,3,44.62309077281447,C,First,woman,False
1,1,male,,7,0,3.771600450065127,S,Second,man,True
0,2,male,17.27354743247072,1,4,10.225220612727636,S,Second,child,False
1,3,female,27.967616581294948,5,4,33.61060438907658,S,Third,woman,True
0,3,male,22.491344703215205,4,6,15.805782517470014,C,Third,child,True
1,3,female,32.19897248000932,8,6,47.824016854174715,S,First,man,False
1,2,female,16.27357056212982,8,2,25.342752540503643,S,First,woman,True
1,3,male,22.051258618717384,3,2,64.18137637568411,C,Third,child,True
0,3,female,21.723764635087058,6,6,3.883681149888048,S,First,man,True
1,3,male,45.156279186592506,5,5,43.66914551422592,S,First,child,True
1,3,male,35.1520512299276,3,3,20.618921574089686,S,First,woman,True
0,3,male,35.16444190619932,6,5,24.17913753248277,S,Third,woman,True
0,3,male,,3,0,11.02657869373775,S,Third,woman,True
1,2,male,24.613950070690244,1,5,10.343131144868302,S,Third,child,True
1,3,male,37.85404043896692,8,2,6.9458022947906874,S,Second,woman,False
0,3,male,40.88407507311299,2,4,15.422887201630646,C,Third,woman,False
0,2,female,30.212054998803772,3,5,9.012496311502819,S,Third,man,True
1,1,male,45.983071236665424,5,3,6.942717519532934,S,Third,man,True
0,3,female,47.83817038521258,7,3,107.73882138526724,C,Second,woman,True
1,3,female,6.694227448555196,2,0,19.57384152227383,S,First,child,False
0,3,female,36.0253043869627,3,2,37.40826277885223,S,Third,child,False
1,3,male,29.403573001125487,3,2,15.465173157270046,S,Third,child,True
1,3,male,35.436043395555394,5,5,27.83518715111449,S,Third,man,False
1,2,female,45.62367139237439,7,6,22.821238127630398,S,Third,woman,False
0,3,female,,0,0,31.30132804373948,S,Second,child,True
1,3,male,7.316162566084131,1,4,42.331047861547,S,First,child,True
0,3,male,45.48668061991464,7,3,35.98233983994584,S,First,woman,False
0,3,male,16.021214970974224,8,0,47.38533049085572,C,Second,child,False
0,1,female,20.392926805105503,6,1,5.219959743331428,S,Second,child,False
0,1,male,32.864692507875105,3,0,3.258761383237219,C,Second,woman,False
1,2,male,20.39457450374102,6,3,13.65702713434571,S,Second,man,True
0,3,female,7.709051203581634,1,4,21.695776641464377,Q,Second,man,True
1,1,male,30.478656743820157,0,6,8.386015782065492,S,Second,man,False
0,2,female,19.05921477453397,3,1,48.96523070379263,S,Third,child,False
0,1,female,,0,1,41.95557361237166,S,Second,man,True
0,2,female,22.914928214898833,4,5,80.80127984745778,Q,Third,child,False
0,2,male,20.361754057908826,3,1,43.08115669207778,S,First,man,False
0,3,male,27.059992452457067,3,6,3.7399375634321435,S,First,man,False
1,3,male,44.73014867574139,6,3,36.08910676914955,Q,First,man,True
0,2,female,42.71065714292758,1,5,17.52726527149141,S,Third,woman,False
1,1,male,,6,5,9.919293674309536,C,First,child,False
1,3,male,69.19590708721684,1,0,30.398980487019415,S,Second,child,False
0,3,male,25.4391314558096,6,5,11.873685759698786,S,Third,child,False
0,1,male,13.866179794566989,0,5,24.97592511536476,S,First,child,True
0,3,male,42.4352478606829,6,2,28.312960128715442,S,First,man,True
0,1,female,,4,5,24.850295771288387,S,Second,man,True
0,3,male,60.152073109755094,8,3,0.35455302979930636,Q,First,man,False
0,2,female,41.86371697674147,5,3,14.151873901014817,S,Third,woman,False
0,2,female,27.217922151677246,3,5,51.574097291783595,S,Second,child,True
0,3,female,,4,3,14.058605635488002,S,First,man,False
0,3,male,,4,2,23.49878394598127,S,First,child,False
0,3,male,12.795467242911545,4,6,14.04529096010208,Q,Second,woman,True
0,3,female,42.43751753401365,5,5,7.332315841128291,Q,Second,man,True
0,1,male,22.76917581272169,7,3,7.3535694248898,S,Second,man,False
0,3,male,28.833432006546552,8,2,45.5975213933601,S,Second,child,True
0,3,male,31.834762289044463,5,1,32.62822773424407,S,Second,woman,True
0,3,female,17.69265582827235,3,0,88.73986325728573,C,First,woman,True
1,1,male,11.333208095530178,2,6,18.033208039836836,C,Third,child,False
1,2,male,35.14897615288415,1,3,33.40131404909991,S,Second,man,True
0,1,male,10.56473101862192,0,2,20.860175972821327,S,Third,child,False
0,3,male,1.0,7,6,21.197086706496275,S,First,woman,False
1,3,male,18.294521538799984,1,1,63.51666088165141,S,Third,man,True
0,3,male,34.63529390083758,4,4,19.98780078060541,S,Third,child,False
1,3,female,,4,0,86.90248126047999,S,Third,woman,False
0,3,male,47.739833168681,0,5,31.97435357318329,S,First,woman,True
1,3,male,32.572548936043646,7,6,2.9467359707834118,Q,Second,child,True
0,3,male,19.271664872740864,2,4,2.3233364235530267,S,Second,man,True
0,1,female,23.845830293287086,5,0,133.1547993359714,S,Second,child,True
1,1,male,9.8884209702315,6,3,16.82203061273232,Q,Third,child,False
0,2,female,45.201161145883034,4,5,29.21883612822489,S,First,woman,True
1,3,male,10.664598794838593,3,6,18.641877377973483,S,First,man,False
0,3,male,17.114293150330234,1,2,5.710336027450223,S,First,man,False
0,3,male,27.755992913999208,0,0,4.427349605479128,S,First,child,True
0,1,male,,2,6,7.89165372622955,S,Third,woman,True
0,1,female,8.96289491086295,6,3,30.680928243619366,S,Third,man,False
1,3,male,17.32249886692707,7,1,26.097524466429736,Q,Second,man,False
0,2,male,33.71056843135046,0,3,13.146307856286132,C,First,child,True
0,3,male,45.81612702595791,1,5,1.4909281744799656,S,First,man,False
1,3,female,34.88604986926245,8,4,12.922922035615079,Q,Third,woman,True
1,2,female,,7,5,16.76406007785554,S,Second,woman,False
0,3,male,,8,0,46.60673750716014,S,Second,child,False
0,2,male,21.357207148270735,4,2,44.13562581134564,S,Second,man,False
0,3,male,37.300919378354756,7,4,8.258852009061506,Q,Second,child,False
1,3,female,45.13325337796842,6,1,8.525499712694847,S,Second,woman,False
1,1,female,42.451262714173566,8,3,32.622034307425736,Q,Second,man,False
1,2,male,31.933003022238495,8,0,34.81204074939871,S,Third,child,True
1,2,male,,1,6,27.175170243269115,S,Third,man,True
0,3,male,70.34044998429549,1,1,3.9187931359080586,S,First,man,False
1,3,female,21.68593318464237,4,2,11.10385466530307,Q,Third,woman,True
0,3,male,19.31637886516949,0,4,1.0631490859227501,S,First,child,True
0,3,male,51.25876096091609,6,0,47.314766231712504,S,Second,man,False
1,3,male,33.29650335539588,2,1,54.202350811855226,S,Third,child,True
0,1,male,,5,2,83.5478903994815,S,Second,child,False
1,2,male,,7,3,3.036749526110633,S,Third,child,True
0,2,male,,2,2,78.10204243285646,C,Third,man,True
1,3,female,15.512866013491756,2,4,82.70576062717363,S,First,child,True
1,2,female,19.11993486632365,8,1,200.55601372355022,S,Third,woman,False
0,2,male,47.443247595634205,6,2,49.65101055077137,S,Second,child,True
0,2,male,,0,0,10.054311432654519,S,Third,child,True
0,3,male,36.9811650390797,2,4,10.14039782416622,S,Second,man,False
1,3,male,22.19237555964287,3,0,38.45976597353023,C,First,man,True
0,1,female,25.052863557985177,1,2,37.57377358884523,S,Third,man,False
0,1,female,40.401313672516665,5,2,35.63268612623641,Q,Third,woman,True
0,2,male,,5,4,14.374661904495145,S,Third,man,True
0,3,female,,2,4,24.20704860167944,S,Third,man,True
1,3,female,3.776324726875913,1,3,11.840944213582901,S,First,woman,True
0,3,female,,8,2,29.973884663211333,S,Third,woman,False
0,3,male,,5,5,48.8457797161094,C,Third,child,False
1,2,male,31.28011566467606,2,5,39.58800402291575,S,Second,child,True
1,3,male,30.143609437431763,2,6,18.695289317719467,C,First,child,False
1,3,female,55.220288920682165,1,2,24.547672086486326,S,Third,child,False
1,3,male,43.26113979811219,0,0,48.848145994139855,S,Third,man,True
1,3,female,29.589878349951125,6,5,8.747531817923829,S,First,man,True
1,2,female,25.90725853808398,7,3,8.25421136926218,S,Third,child,True
1,3,male,27.290480445845624,3,0,21.897571511809137,S,First,child,True
1,3,male,46.481248761560316,1,2,22.489116077930678,C,Second,man,True
0,3,male,44.559884985893625,8,0,0.7838364979863365,S,First,child,False
0,3,female,7.412077839016753,8,1,28.780800802372944,C,First,man,False
0,3,male,36.5049935841249,5,4,17.8477416319519,Q,Third,man,False
0,1,male,,0,0,28.344285934925082,C,First,man,True
0,1,female,8.909515676395944,1,0,81.28004764745761,Q,Second,man,False
0,3,male,29.95849347986348,4,2,13.369695397742982,Q,First,woman,False
0,1,female,5.121389510728736,1,5,3.765469363313138,S,Second,woman,True
0,3,male,31.812899703179415,1,3,7.633734624213952,S,Third,child,False
1,1,male,1.0,4,5,12.079896731814552,S,Second,woman,True
1,2,male,,0,0,65.70998316578392,S,First,woman,False
0,3,male,,3,1,26.282938458923145,S,First,man,True
0,1,female,,7,2,175.39060629007807,C,Second,man,False
0,3,male,,6,3,11.072077989384798,S,Second,man,True
1,2,male,37.49714797634745,3,0,2.3496862671291545,S,First,child,True
0,3,male,24.406035955472397,4,6,11.826332878753346,S,First,woman,True
0,3,male,16.936910227482585,1,4,161.88449339093245,S,First,child,True
0,3,male,26.657131564166747,3,4,44.84914907748991,S,First,child,True
0,2,female,15.592418443809587,8,6,81.37225944117938,Q,Second,man,False
0,1,female,43.62312005809531,1,4,29.81500208894927,S,First,child,False
0,2,male,57.954724021669,1,2,10.628807002918133,Q,Second,man,True
0,1,female,44.74479857314955,7,4,101.92168583406676,S,Third,woman,False
0,3,female,,6,3,8.588904963481152,S,First,child,False
0,2,male,27.681197033895955,8,2,16.69889797304034,C,Second,child,True
0,3,male,,3,1,11.460018515889617,C,First,woman,True
1,3,male,54.433984017626315,8,1,34.033103835786534,S,First,child,True
0,3,male,21.936901494698514,4,4,17.862950907708004,C,First,woman,True
1,3,female,51.8553797965405,8,5,103.91946866589836,S,First,man,False
1,3,male,14.15845061171792,2,6,112.99395003615628,S,Second,man,True
0,3,female,,0,6,3.3639378944271052,S,Third,woman,False
0,3,male,6.003207701908998,5,2,86.97896392689739,S,Second,child,True
0,2,male,32.22927881719592,7,6,52.78243921176511,C,Second,woman,True
0,2,male,12.307813293733105,6,4,41.11691558734291,C,First,child,True
0,1,female,53.31069169506618,1,6,14.871440126440458,Q,First,man,False
1,3,male,35.77181180325498,6,4,37.55570326510498,S,Third,child,False
1,3,female,,6,5,54.9200823480584,S,Third,child,True
1,3,male,33.95749828830678,1,1,58.55712964322132,S,Second,child,True
1,1,male,,4,5,54.078459026376464,S,Third,woman,True
0,1,female,,4,1,12.728006698376563,C,Third,child,False
0,3,male,55.719129630148416,8,2,6.751242531082107,S,Second,man,True
1,3,female,30.11976896408835,5,6,25.897407975061675,S,Second,man,True
1,1,female,15.761773177252621,3,4,9.679979158373078,C,Second,child,False
0,3,female,4.067202806269492,3,2,50.7225950167341,nan,Third,child,True
0,3,male,20.013422134510925,2,3,1.5080483333961412,S,First,man,True
0,1,male,5.328795434427704,4,3,18.285168276610502,C,First,woman,False
1,2,male,41.62724316659636,8,5,49.7550962935756,S,Third,man,True
0,1,female,40.93634172655143,3,0,2.7716540118700776,C,Second,man,False
0,1,male,17.740454418912293,1,1,38.32902025200144,S,First,man,True
0,1,female,38.59573831857196,6,2,8.670636842465777,S,Third,man,False
1,1,male,21.92963485860225,0,4,4.49694364224202,C,Third,man,True
0,3,male,29.36140004115197,3,0,12.144192449178705,C,Second,woman,False
0,1,female,35.207377721909694,4,3,0.6443460742998689,C,First,man,True
0,1,male,23.784559873447108,5,6,32.81233159612236,C,First,woman,False
0,1,male,35.85484688114364,6,4,13.359344956163977,S,Third,woman,False
1,2,female,,6,0,167.2765023547252,C,Second,woman,True
0,2,male,31.644649831831575,6,0,3.397768016930878,S,Third,woman,False
0,2,female,29.51067168657172,3,3,74.33888222942224,S,Third,man,True
0,3,male,1.3504960925264555,3,6,22.739342896850296,S,Third,man,True
0,3,male,4.664337301759176,5,6,4.132390672587898,S,Second,woman,False
1,3,male,3.9666695212230216,1,5,63.978986962459636,S,Third,child,True
1,3,female,35.80029567493532,5,4,3.8844068169536237,S,Second,man,False
1,2,male,,7,4,34.25601078458816,C,Third,child,False
0,1,female,33.83540608043656,3,0,9.283749210675902,Q,Second,woman,True
1,2,female,11.430701104885742,0,5,19.675716108020794,C,First,woman,False
0,2,male,45.945633349327714,2,5,28.083591527472137,S,Third,man,True
0,3,male,43.75977707744346,5,1,83.21544315474064,C,Third,child,True
1,3,male,19.262517509673405,4,1,11.048166101241893,S,Third,man,False
0,3,male,46.46484387035315,8,1,16.187308630482523,S,Third,man,False
1,3,female,,0,0,7.3470669497766785,S,Third,man,False
1,3,male,,1,1,13.893590069491017,S,Third,child,False
0,3,male,7.142273273887504,7,3,4.437167679112582,S,Third,woman,False
0,3,male,40.27212882997008,0,0,26.21050149034303,S,First,woman,False
1,1,male,28.54331665063429,1,5,27.034779513638767,C,Second,child,True
0,2,male,,7,1,32.22451098556609,C,Second,man,True
0,3,female,28.762776253746214,7,6,8.640142657576668,C,First,woman,True
0,2,male,,6,2,18.68658679026132,S,Second,child,False
1,1,female,59.72936992172243,5,4,1.3962873016963333,S,Second,woman,False
0,3,male,49.555887226839616,0,0,1.3559506355325834,C,First,man,False
0,3,male,23.940418239454253,6,6,12.219422098426572,S,Second,child,False
0,3,female,35.24956214584377,2,4,22.164960701749113,S,Second,woman,True
1,3,male,36.92223620286505,2,4,38.96715581823433,C,Second,woman,False
1,3,male,40.659476344945496,2,1,46.91294340517624,C,Third,woman,True
0,3,male,30.994123272632415,4,2,16.9553451534177,S,Second,man,True
0,3,male,,5,1,46.496185790006216,S,Third,woman,False
1,3,female,,6,5,42.916448131484415,S,Second,woman,False
1,2,female,23.275980467302738,5,2,33.03173539215055,S,Second,child,True
0,3,male,53.56714193735711,2,2,5.039752038973925,C,First,man,False
1,3,male,47.37016734369452,5,5,11.174331864275215,Q,Third,child,True
0,3,male,27.149389735688565,5,4,25.18907155475168,S,Third,child,False
1,3,male,,6,4,55.49420991248504,S,Third,child,True
1,2,male,,6,2,17.040010685137354,S,Third,man,False
1,3,male,46.705375903554966,1,5,112.63748769861108,S,Second,woman,False
1,3,male,44.684327229851895,8,2,36.1290993747205,S,Third,man,True
0,3,male,37.960551657952415,1,2,12.391565195976415,S,Third,woman,True
0,3,female,,5,4,27.20008988972324,S,Second,child,False
0,3,male,39.2479913125821,3,5,15.514010376154166,Q,Second,man,False
1,3,female,46.436865953316186,2,5,80.19673923187213,Q,Second,child,True
0,2,female,37.43583922660877,0,3,1.6353153396065039,C,Second,man,True
0,1,male,,0,3,8.57859284457695,S,First,woman,False
1,3,male,21.918841269610667,3,5,3.3512426829504394,S,First,woman,False
0,3,male,,0,0,54.05197670786436,S,Second,woman,True
1,1,female,29.610122672906027,1,3,6.99779901571297,S,Second,child,False
0,3,male,19.625222532342185,5,1,44.81682222686785,S,Third,child,True
1,2,male,30.84012693739973,6,6,27.212313030636786,S,Second,child,True
0,3,male,45.966837938619264,1,4,58.51652898618495,Q,Second,man,True
0,2,male,32.41954545616495,4,3,174.50822377629768,C,First,child,False
1,3,female,24.189976604465265,6,2,5.52802298726295,S,First,child,False
0,3,male,18.056199251937024,4,2,5.379330932745769,S,Third,child,False
0,1,male,,1,1,33.36939247659747,S,Third,woman,False
0,3,male,48.659274695004825,0,0,1.2203325373479195,S,Second,child,True
0,3,male,5.126325734990509,1,2,56.11833542839906,C,First,man,True
1,1,male,16.913037632765153,0,5,15.59678808425579,S,First,woman,True
1,2,male,1.0,2,6,16.79870729610301,Q,Third,man,True
1,1,female,,7,6,28.008391239102618,S,Third,woman,True
1,3,male,25.208016163351857,2,3,13.81694585491207,S,First,woman,True
0,3,male,,2,5,11.781364895659342,S,Second,child,True
0,3,female,,3,2,7.569356739263746,S,First,woman,False
1,3,female,18.502288958151375,1,0,41.86926065570255,C,Third,child,True
0,3,male,17.208821033157726,6,1,48.300837671560394,S,Second,woman,False
0,2,female,,4,0,30.91292726244302,S,First,man,False
0,2,male,25.32311872291281,3,0,8.884647203140071,S,First,man,True
1,2,male,42.70722074925472,3,4,39.15956432809742,Q,First,woman,False
0,3,male,18.285205402858164,4,2,5.669654392992466,S,First,child,False
0,2,male,52.57820032652921,2,5,69.49972189388012,S,Third,woman,True
1,3,male,51.19854983410917,5,2,19.50891751534737,S,First,woman,True
0,3,male,33.23426155104187,6,3,21.317963214508094,S,Second,child,False
0,1,male,14.606557698427233,1,0,7.535295219422452,S,Third,woman,False
0,1,female,31.21801940018725,4,1,31.54273366455322,Q,Third,man,True
0,1,male,30.6622630005748,0,2,138.69798985181438,S,Third,child,True
0,1,male,,6,6,29.350417256548923,S,Third,man,True
0,1,female,,0,6,34.8659887890974,S,Second,woman,True
0,2,female,8.677998093489876,5,2,11.232032938246874,C,First,child,False
0,3,female,,8,5,13.01205607425856,S,Third,woman,True
0,1,male,29.855921571327944,8,1,7.213746666827945,C,First,woman,False
1,3,male,30.02905030687113,2,5,23.851919196944856,S,First,child,True
0,3,male,44.37520810391354,8,5,5.2845841289654025,S,Second,man,True
0,3,male,9.34775323756088,4,6,31.798646553638275,C,First,man,False
0,3,male,44.14971202382927,2,4,20.660262434215895,C,Second,man,True
0,3,female,19.59481443975755,5,6,32.306867424566036,S,Third,man,True
1,3,male,24.466891078099167,8,3,2.4204213163911454,C,Third,woman,False
0,3,female,,8,2,71.10368792939998,S,First,woman,True
1,1,female,31.254678009749522,4,5,15.699760393458813,S,Third,child,True
0,1,male,3.3185497528010153,6,2,7.650901567789067,S,Second,man,True
1,2,male,22.04679991597929,1,3,22.925622696051754,S,Third,woman,True
1,3,male,22.77940836600506,4,3,87.67125462735156,S,First,woman,True
1,3,female,47.69502283308472,4,2,39.10848924180104,Q,Second,child,False
1,2,male,32.10977401302105,6,6,13.716345947308485,S,Third,man,False
1,3,male,39.737256360948244,3,3,11.9519682356595,S,Third,woman,True
1,3,male,30.083143401411036,2,3,35.72582739107965,C,First,woman,False
1,2,male,15.315394799521997,5,1,3.0689332464086525,S,Third,man,True
0,3,male,,6,3,15.007622700232325,S,Second,child,False
0,3,female,18.163821211054056,2,1,21.495770037357946,S,First,woman,True
0,3,female,22.632593229181385,3,6,47.16606967274663,Q,Second,woman,True
0,3,male,32.54939690333393,7,0,12.995705990886966,S,Second,child,True
0,3,male,43.23754305225948,8,3,51.84126455679519,S,Third,man,False
0,3,male,27.180616394041582,1,5,50.371821260893974,C,First,child,False
1,3,male,51.14734624776585,6,1,0.6486187225395007,S,Second,child,True
1,1,male,21.99930218927061,8,0,6.970629301961083,S,Third,man,False
0,3,male,39.318250017364846,5,3,34.96572402937814,S,First,woman,True
0,2,male,30.050628213309842,4,3,22.61366142347,S,First,man,True
0,3,male,,2,4,0.9248378607766867,S,Second,woman,True
1,1,female,33.00168418565375,1,6,14.709374778731185,S,Third,man,False
1,3,male,3.7176205472146435,4,2,32.435512441016144,S,Second,man,False
1,3,female,45.2366929373331,8,5,158.06522506736633,S,Second,man,True
1,1,male,,7,4,7.648535532607133,S,First,child,False
0,3,female,22.25713324504264,2,6,5.468855305608286,S,First,woman,True
0,3,male,,5,3,14.953495466595555,Q,Third,child,False
0,3,male,,2,4,26.417748072793493,S,First,man,False
1,3,male,38.39981440427279,1,4,36.0403325662497,S,Second,child,True
1,3,female,19.242633529832517,4,3,14.769512058992245,S,Third,man,True
1,2,female,18.29417822440817,2,5,8.558317778341255,S,Third,man,True
0,3,male,55.34814464817056,1,2,0.1728581403341154,S,Second,child,True
0,3,female,18.9815416783224,3,5,6.687894057929368,S,First,woman,True
0,1,female,21.813206890155442,7,0,3.4792277947411585,S,Third,man,False
0,1,male,6.083508913852437,0,5,9.148155887480018,Q,Third,man,True
0,3,female,52.819751416109526,5,3,12.852036613541648,C,First,man,True
1,2,male,35.57197652613138,6,3,2.7063711015091405,Q,First,man,False
0,3,male,33.328914868336355,3,1,17.180349936403715,Q,First,child,True
0,3,male,43.6519377481008,1,0,6.05462601928541,C,First,man,False
0,2,female,11.389288029320259,5,3,28.735144538293408,S,Second,woman,False
0,3,male,22.42534505312461,4,2,15.662398079641456,nan,First,child,False
1,3,male,28.71987176250685,5,0,33.68261259614044,S,First,child,True
0,3,female,8.321405289801547,8,5,49.39435690040259,S,Third,man,True
1,3,female,48.359979768899315,1,1,2.9207201281910304,Q,Second,woman,True
0,2,male,29.741993297292858,0,6,15.907375419282545,S,First,woman,True
0,1,female,25.473959092422994,7,0,125.61600492425863,S,Third,child,True
0,3,female,33.307156853955966,4,1,0.07630482047310887,S,Third,child,False
0,1,male,19.46384801928481,3,3,20.267660028466484,S,Second,child,True
1,2,male,,2,3,20.88315716140739,S,Second,child,True
0,3,male,77.98553965803491,0,0,57.27778567546538,S,Second,child,False
1,3,male,38.46554842344122,3,2,11.312728253730663,S,First,woman,False
1,3,male,53.356354834880555,2,4,49.37612016118358,S,Second,man,False
0,3,female,25.028836285617118,3,0,0.07268733810711529,S,First,child,False
0,1,male,19.47803413816687,1,5,22.268936539062288,S,Third,woman,False
0,3,male,34.33585025120323,2,4,12.693902028966773,Q,Second,woman,True
0,3,male,11.21613079206351,6,3,54.48531942796306,S,First,woman,False
1,2,female,1.0,6,2,17.019745355516122,S,Third,woman,False
1,1,male,40.24229507030994,5,5,2.390519002735015,S,Third,child,False
1,1,male,38.97873402961121,1,6,40.66681007656037,Q,First,child,True
0,2,female,,7,0,0.43926925788747867,S,Third,child,True
0,2,male,,5,4,13.43401088414185,S,Second,child,False
0,3,male,57.69721779831527,2,5,22.763820469355867,C,Second,child,False
0,3,male,,6,0,44.675326924299284,Q,Third,woman,False
0,2,female,,7,0,12.391962758859881,S,First,woman,True
0,2,female,1.0,4,2,3.6274800564642513,Q,Third,child,False
1,1,male,29.339677852854617,1,4,57.5663980656533,S,Second,child,True
0,1,male,41.6462889908355,3,3,0.325750351186382,C,Second,man,True
0,2,male,30.09605677955297,4,3,68.13184174316528,S,Second,child,False
1,3,female,45.73910428225465,2,3,3.7160042771025634,S,First,man,True
1,3,female,62.12833632757548,6,1,4.432982551205519,S,First,man,True
1,3,male,27.573097082719208,0,1,5.999278954645193,C,First,child,False
0,3,male,47.237549834306314,2,6,5.298857074412469,S,First,man,False
1,3,female,7.798063947479658,5,2,52.26104676833344,S,Third,woman,False
0,3,male,44.43846746099276,5,4,54.97501904583037,S,Third,woman,True
0,3,male,30.888866725414772,5,4,6.127730515229625,S,Second,man,True
0,3,male,26.900533023141104,5,6,3.939098199363239,S,Second,man,False
0,3,male,27.712415119909146,4,1,28.041937502376715,C,Second,child,False
0,3,male,27.811751443259002,0,6,39.69888358530959,S,First,woman,True
0,1,male,25.676759269166503,7,1,27.020425985784296,S,Third,woman,False
0,3,male,,4,1,0.9266551142168709,S,Second,man,True
0,1,male,27.55991012307037,3,2,47.942775612713874,C,Third,man,False
1,3,male,,2,5,41.33014974374865,S,First,child,False
0,3,male,35.83875444588974,7,5,41.68645896042181,S,First,woman,False
0,2,female,21.489848722547446,2,0,7.662632422516999,S,Second,man,True
0,1,male,44.67181260708982,1,0,2.404865951735982,S,First,woman,True
0,1,male,29.52642246798667,0,5,194.98877759976654,Q,Second,child,True
0,3,female,31.77833534649666,6,0,21.44007766561558,C,Third,child,True
0,3,female,1.310753214574671,4,6,42.75194505923125,S,Third,woman,False
0,3,male,12.406478205646291,0,4,3.3457949906799307,S,Second,woman,False
0,3,male,43.154601509104296,8,5,23.20100261008333,S,Second,woman,False
0,1,female,19.726565835633505,1,0,23.145350160117324,S,First,woman,True
1,3,male,22.545872774014704,2,2,4.325851179859296,C,Second,man,True
0,2,female,26.10884045824409,1,1,14.297556218193122,S,Second,woman,True
0,2,male,49.09239629958279,7,4,73.28201989732287,S,First,child,True
1,3,female,35.23793196922217,0,5,38.671925565504786,S,First,child,True
0,3,male,,1,0,43.412842888499576,S,Third,man,False
0,1,female,26.25153083456332,8,1,69.5014381014896,Q,Third,woman,True
0,3,female,32.984467692729474,4,4,12.2587633925347,C,First,man,True
0,1,male,13.154591624736337,1,3,51.49268725585951,S,Third,woman,True
0,3,female,46.49243729200721,5,2,3.3502269318623084,S,Third,child,True
0,3,female,31.521074851727946,4,2,28.435478956563774,S,Third,woman,True
1,3,male,,8,2,25.20828603958462,S,Third,child,True
1,2,female,34.736417549159235,8,2,18.619018694714548,C,First,man,True
1,2,male,,2,2,7.74414907783008,S,First,man,False
0,2,female,26.997068509159735,3,0,18.407032310729573,S,First,woman,False
1,3,male,53.28254540856868,2,0,61.370625270264966,S,Third,man,False
0,3,male,18.07868381834692,1,3,43.29407967556508,Q,Second,child,False
1,3,male,35.910584511567286,6,4,19.16957715277026,S,Third,man,True
1,1,male,58.129059856448265,8,0,113.16516961250028,S,Second,man,False
1,1,female,23.142593762379583,8,6,50.76970538954922,S,First,child,True
1,1,female,33.43358194820788,5,2,1.4939105238612151,S,First,child,False
0,1,female,42.28507087971008,8,5,45.84507852203441,C,First,man,True
0,2,male,28.069404215418107,1,1,41.83598261100283,S,Second,woman,True
0,3,female,8.995054133699384,7,1,1.665617835077819,S,Third,man,False
0,3,female,15.216568973034613,4,6,86.17122692130094,S,Second,child,False
0,3,male,38.13305624395369,6,4,20.767123465190668,S,First,man,True
0,3,male,42.48121447984943,4,3,9.01855268072101,C,First,woman,True
1,3,male,,2,3,19.622339815556906,S,First,woman,False
0,3,male,46.05004819414983,0,0,59.21671387920474,S,Second,man,True
0,3,male,31.007792729104303,7,3,9.515771960515307,S,Second,man,True
0,3,male,32.915264389954096,1,5,80.99808933012588,S,Third,woman,True
0,2,male,8.73583877179459,0,3,2.2087067967328715,S,First,woman,True
0,3,female,,1,6,3.088946124804803,C,First,man,True
1,1,female,,1,2,30.181876038026804,S,Second,child,True
0,1,male,21.83504187257619,2,5,23.52687467594629,S,Second,woman,True
0,2,male,39.016023784528755,1,5,36.736718833517685,S,First,man,True
0,3,female,4.577556176750466,1,1,1.4657927118889083,S,Second,woman,True
0,3,male,40.51539436912351,5,0,9.94727817538462,S,Third,woman,False
1,1,male,34.20398053069122,5,3,40.07884325154981,S,First,child,True
1,3,male,59.548519470232264,5,3,13.932825202386168,C,Second,woman,True
1,3,male,49.78319751611373,7,1,11.990440554274276,S,First,woman,True
0,1,male,51.097725019819414,8,4,56.54748330601686,S,Third,child,True
0,2,female,41.44355934915432,6,6,52.46816716655467,S,Third,man,False
0,3,male,,7,0,45.09305458470519,C,First,woman,False
1,3,female,,8,5,32.59921450905381,S,Second,child,True
0,3,female,25.308721795074987,7,3,101.90269231878487,S,First,child,False
0,3,female,55.57419858925211,5,0,0.7023012652118353,S,First,child,False
1,3,male,9.613697717876743,6,6,5.465899001823339,S,Second,man,True
0,1,female,23.69605431261618,8,5,20.327315884971377,S,First,man,True
0,3,male,10.13072286859461,0,5,10.872267191609794,S,First,child,False
0,1,female,50.313325396449784,8,6,11.45868924351236,S,Third,woman,True
0,1,male,22.079061400361446,5,5,129.589254843254,S,Third,child,False
1,1,male,51.62348112303809,3,0,1.4925248313941193,S,Second,man,True
0,1,female,24.20732508792982,8,4,0.8658911969620532,S,Third,man,True
0,3,male,22.942150877707668,1,6,90.27476835986123,S,Second,man,True
0,3,male,47.899408645785314,2,3,5.7571992899874385,S,Second,child,False
1,3,female,,4,5,1.449628928721427,S,Second,child,False
1,3,male,1.0,3,0,20.245362522505232,Q,First,woman,False
1,2,male,36.3159710580008,4,3,70.49274257494802,S,Third,woman,False
0,3,female,38.402336295532095,6,5,12.057427947940402,S,Second,woman,True
1,3,male,32.937297032612754,5,6,88.83442356323636,C,Second,man,False
1,3,female,20.792787946453153,4,5,66.14942978398001,Q,First,woman,True
1,3,female,,5,5,10.85979273250368,Q,Third,child,True
0,3,female,24.4271392664807,0,3,18.866336992872586,S,Third,man,True
0,2,male,32.958522386539656,5,2,84.92818542658591,Q,Third,woman,False
0,3,female,27.166480319945073,2,4,4.341986220796565,S,Third,child,True
1,2,female,21.29300578465476,1,0,2.1084235483654186,C,Third,man,False
0,2,male,32.292786248264605,1,5,6.901670837949406,Q,Third,man,True
0,3,male,,1,0,8.437909067054218,S,First,man,False
0,1,male,34.04608249353513,7,3,6.52430163416745,Q,First,man,False
1,1,female,22.24900654096276,2,0,1.0634508881157907,C,First,man,True
1,3,female,34.707556285185746,0,2,41.73310213636364,S,Third,child,True
0,3,male,,5,6,5.830434614163779,S,Third,woman,False
0,2,male,52.33565836006666,5,2,20.05355306159945,S,Third,woman,False
1,2,male,,2,1,4.233067913165159,C,First,woman,True
1,3,male,,4,6,15.013235680631961,C,Third,woman,True
0,3,male,15.872263563005589,6,0,16.718258072298198,C,Third,child,True
0,3,male,10.882261823107793,6,6,80.57563718844884,S,Third,child,True
0,1,male,27.166663007932986,3,0,40.32119015559212,S,Second,child,True
0,1,male,10.271413058213717,5,6,78.07714617656572,C,Second,child,True
0,2,male,19.013013793151206,8,5,22.16194933516542,S,Third,child,False
0,3,female,27.618287733483676,2,4,6.122711070382041,S,First,child,True
0,3,female,23.221054095655354,3,5,17.391373375763553,C,Third,woman,True
0,3,male,25.409147211654155,3,3,29.720147532860185,S,First,child,False
0,1,female,11.407935217826466,2,4,25.71489820693081,C,Second,woman,True
0,2,male,33.24053463710494,0,2,74.78810214704866,S,Second,child,True
1,2,male,43.9511127149367,3,5,29.614678655266776,S,Third,child,True
1,1,male,22.326075450951627,3,0,9.786561902117363,S,Second,child,False
0,3,male,40.16057481867699,4,5,100.61187459637333,S,Third,woman,False
0,3,female,67.2781739920531,5,0,6.305347117270737,C,Third,woman,False
0,3,male,28.71464557811766,0,4,21.354310803787467,S,First,woman,True
0,3,female,39.1169401112934,0,5,72.14264774186705,Q,First,child,True
0,1,female,32.75478126122298,4,4,40.84096096238607,S,Second,woman,False
1,3,female,,5,5,25.29584098794727,S,Second,woman,False
0,1,male,5.938901727430668,4,1,38.418637324400216,S,Third,man,True
0,1,female,15.20260524876699,2,5,19.004239924060112,S,Third,man,True
1,3,male,32.008494992999324,7,1,16.6820350715354,S,Second,woman,True
1,1,male,42.417475926218515,7,6,32.618062756214535,S,First,man,False
1,3,male,,5,5,44.075874084295826,S,First,man,False
0,2,male,6.6959744864529895,0,1,91.4744335373502,S,Second,child,False
1,3,male,,3,4,59.77028984376717,S,Second,man,True
1,3,male,18.874114353638962,1,3,106.79922331081234,S,Second,child,False
0,3,male,35.44588723004267,0,5,4.06459036229472,C,Second,man,False
1,3,female,19.33145456223402,5,4,150.27725286038134,S,Second,man,True
0,1,male,20.468700532789207,2,5,7.376188242136718,S,Third,woman,False
1,2,male,45.18646607292787,4,2,2.784032364611652,S,Second,child,True
0,3,male,48.69442787518026,0,0,35.29259297993611,S,Third,child,False
0,2,male,24.21415272529546,3,3,36.936451078723984,S,Second,man,False
0,1,female,35.94863741289822,0,0,120.21391090847327,S,Third,man,True
0,2,female,3.6592268205612193,5,3,48.646511499226975,S,Second,woman,False
1,3,male,32.776578830974785,8,3,16.455904259313446,S,Third,child,False
0,2,male,46.65969269714158,1,2,30.246291899822406,C,First,child,True
0,2,female,,6,5,31.026943466883083,Q,Third,child,False
0,1,female,,7,6,47.84845583553372,S,First,woman,True
0,3,male,24.55899837138309,4,2,28.7139060994805,S,First,woman,False
0,1,female,20.94491178172037,3,2,16.119784827421178,S,Second,man,True
0,1,female,,7,0,37.752041674780585,S,Third,man,False
1,2,female,8.279824064691649,3,2,9.06082368527043,C,Second,woman,False
0,3,male,52.54642569617542,5,3,14.193061012338907,S,Second,child,True
1,1,male,37.898948965527445,4,0,2.452762231111657,S,Second,woman,False
1,3,female,28.565881521014028,0,3,55.90435018654916,S,Second,man,False
0,3,female,21.322733152417257,0,1,2.430303580875095,S,First,child,True
0,3,male,,6,5,11.713600227646205,Q,First,woman,True
0,1,male,41.1691291916798,1,5,85.75847961499213,S,Third,man,False
1,1,female,44.160270477065254,7,0,27.048114236296456,S,First,child,True
1,3,male,17.34832697907961,1,3,8.109650827082515,S,Third,man,False
1,1,male,16.370597357568826,5,3,163.21319670442418,C,First,man,False
0,2,male,59.09521947931585,6,6,70.16991652031696,S,Second,woman,True
1,1,female,45.912300008019606,3,0,2.3303249844517535,S,First,child,False
0,1,male,39.91927917159208,1,1,8.637256435599642,S,Third,child,False
0,3,male,28.058952587956824,1,6,33.92236557326416,S,Second,woman,False
1,1,male,42.93628473567895,6,0,7.314404312867004,S,Third,woman,True
0,2,female,,8,2,25.423615935765607,S,Second,woman,True
0,2,female,,4,2,5.984712920538096,C,Third,man,False
0,1,male,29.499188853679758,4,2,36.857532652852576,Q,Third,man,True
1,2,female,41.07206103022253,3,4,25.002650806775534,S,Second,man,False
0,1,female,39.04704884853247,2,6,115.09771475379672,Q,Third,woman,True
1,3,male,28.158007242333007,8,1,4.740607701145627,C,Second,man,False
1,3,male,27.54487102863545,1,0,24.966425075378194,S,First,child,True
0,3,female,47.10216397786376,6,4,12.327651545626484,S,Third,child,True
0,1,female,,3,1,31.301380406344038,S,Second,man,False
0,3,male,5.188764320274085,7,5,7.498302225865962,S,Third,child,False
1,3,female,6.30631968120959,2,3,85.65195239463456,S,Second,child,False
1,1,male,,2,0,19.011772671324096,S,First,man,False
0,3,female,17.490364423804166,8,2,18.652637610789817,S,Third,man,False
1,3,female,14.340637783778767,8,1,50.9288772928557,S,Second,man,False
1,3,male,33.80954900567203,3,3,78.56455742393165,S,Third,woman,True
1,1,male,23.50813774012438,5,1,22.478502995031388,S,Second,child,False
0,1,male,,3,3,48.68480362110691,S,Second,child,False
0,1,male,,3,1,5.128725932088466,S,Second,man,True
0,2,female,,1,2,9.59967989793457,S,Third,man,False
0,3,female,,8,6,38.968907354129804,S,Third,woman,False
1,2,female,30.339000341970124,5,4,86.25663955184588,S,Third,woman,True
1,3,male,,3,6,4.113994827567852,C,Second,child,False
0,2,male,30.9070003501148,5,3,4.76248001702972,C,Second,man,True
0,1,male,43.22804002790293,6,0,122.03434656658321,S,First,child,False
0,2,male,,6,0,3.1571179112947547,S,Third,child,True
1,3,male,27.07960948885762,3,1,1.4468227348687617,S,First,man,True
0,3,female,34.163679244436196,3,4,25.03915248520498,S,First,man,False
0,1,male,35.083185313339584,4,3,8.386387419235382,S,Third,child,False
1,3,female,24.841891193479245,7,4,11.658572030398307,S,Third,child,False
0,2,female,,3,1,31.747861843923022,S,Second,woman,True
1,3,male,34.08970265131208,7,3,14.279177612787864,Q,Third,woman,False
0,1,male,,1,0,179.47211011869092,S,Second,man,True
0,3,female,,3,0,8.548883646293321,Q,First,child,True
0,1,male,36.15370288443831,0,6,66.14924654075915,S,First,woman,False
0,3,male,25.36343309756638,7,3,68.6804344375772,C,First,man,False
0,3,male,21.995933531301844,8,3,18.992085913570765,S,Third,child,False
0,3,female,44.41172485523282,2,3,195.62542037795433,Q,Second,man,False
0,3,female,31.428837074896943,2,0,10.969231528717115,S,Second,man,False
1,3,male,65.67357776941266,2,3,3.150850072533522,S,First,child,True
1,3,male,23.89706227867076,0,6,27.636442017961585,S,Third,woman,True
1,3,male,12.603502861667948,5,3,0.24749433002638357,S,First,man,False
0,3,male,29.612221576329564,2,4,21.21125938123502,S,Second,child,False
0,3,male,32.4509444237242,8,1,59.82246824778251,S,Second,child,False
1,1,male,1.0,4,4,17.959334621353367,S,First,woman,True
1,1,female,25.67164079865928,0,1,7.5288347159099445,S,Second,man,True
0,2,male,,3,6,9.743295593448735,C,First,woman,False
1,2,female,24.837310493122295,0,6,80.88895818215043,S,Third,woman,True
1,1,male,21.17683953317153,5,6,35.81618316384811,S,Third,man,True
0,3,male,11.195304396761845,3,1,5.8052396657014,S,Third,child,True
1,3,female,40.61253271990461,3,5,20.529877879057807,S,Second,man,False
0,3,male,21.82622818414454,1,1,31.464094816529098,Q,Third,woman,True
